TYPE,WDPAID,WDPA_PID,PA_DEF,NAME,ORIG_NAME,DESIG,DESIG_ENG,DESIG_TYPE,IUCN_CAT,INT_CRIT,MARINE,REP_M_AREA,GIS_M_AREA,REP_AREA,GIS_AREA,NO_TAKE,NO_TK_AREA,STATUS,STATUS_YR,GOV_TYPE,OWN_TYPE,MANG_AUTH,MANG_PLAN,VERIF,METADATAID,SUB_LOC,PARENT_ISO3,ISO3,SUPP_INFO,CONS_OBJ
Polygon,191,191,1,Galápagos Islands,Îles Galápagos,World Heritage Site (natural or mixed),World Heritage Site (natural or mixed),International,Not Applicable,(vii)(viii)(ix)(x),2,0,138850.038133925,140665.14,146962.025607102,Not Reported,0,Inscribed,1978,Not Reported,Not Reported,Not Reported,Not Reported,State Verified,946,Not Reported,ECU,ECU,Not Applicable,Not Applicable
Polygon,10708,10708,1,Archipielágo de Colón (Galápagos),Archipielágo de Colón (Galápagos),UNESCO-MAB Biosphere Reserve,UNESCO-MAB Biosphere Reserve,International,Not Applicable,Not Applicable,2,140000,138849.796004557,147618.44,146678.594473626,Not Reported,0,Designated,1984,Collaborative governance,State,Galapagos National Park Service / Charles Darwin Research Station,Not Reported,State Verified,560,EC-W,ECU,ECU,Not Applicable,Not Applicable
Polygon,166741,166741,1,Reserva Biológica Limoncocha,Reserva Biológica Limoncocha,"Ramsar Site, Wetland of International Importance","Ramsar Site, Wetland of International Importance",International,Not Reported,(ii)(iii)(vii),0,0,0,46.13,28.3120025432063,Not Applicable,0,Designated,1998,Not Reported,Not Reported,Not Reported,Management plan is not implented and not available,State Verified,1856,EC-U,ECU,ECU,Not Applicable,Not Applicable
Polygon,29807,29807,1,Zona Marina Parque Nacional Machalilla,Zona Marina Parque Nacional Machalilla,"Ramsar Site, Wetland of International Importance","Ramsar Site, Wetland of International Importance",International,Not Reported,(ii)(iii)(iv),1,0,67.4437322251068,144.3,540.682448844434,Not Reported,0,Designated,1990,Not Reported,Not Reported,Not Reported,Management plan is implented and available,State Verified,1856,EC-M,ECU,ECU,Not Applicable,Not Applicable
Polygon,29808,29808,1,Manglares Churute,Manglares Churute,"Ramsar Site, Wetland of International Importance","Ramsar Site, Wetland of International Importance",International,Not Reported,(i)(iv),0,0,40.0908555849187,350.42,450.430348074461,Not Applicable,0,Designated,1990,Not Reported,Not Reported,Not Reported,Management plan is implented and available,State Verified,1856,EC-G,ECU,ECU,Not Applicable,Not Applicable
Polygon,900789,900789,1,Parque Nacional Cajas,Parque Nacional Cajas,"Ramsar Site, Wetland of International Importance","Ramsar Site, Wetland of International Importance",International,Not Reported,(i)(ii)(iii)(iv),0,0,0,294.77,294.648324504524,Not Applicable,0,Designated,2002,Not Reported,Not Reported,Not Reported,Management plan is not implented and not available,State Verified,1856,EC-A,ECU,ECU,Not Applicable,Not Applicable
Polygon,9614,9614,1,Sangay National Park,Parc national Sangay,World Heritage Site (natural or mixed),World Heritage Site (natural or mixed),International,Not Applicable,(vii)(viii)(ix)(x),0,0,0,2719.25,2526.76098927651,Not Applicable,0,Inscribed,1983,Not Reported,Not Reported,Not Reported,Not Reported,State Verified,946,EC-S,ECU,ECU,Not Applicable,Not Applicable
Polygon,555543093,555543093,1,La Tembladera,La Tembladera,"Ramsar Site, Wetland of International Importance","Ramsar Site, Wetland of International Importance",International,Not Reported,(ii)(iii)(iv),0,0,0,14.71,14.6402236193229,Not Applicable,0,Designated,2011,Not Reported,Not Reported,Ministerio del Ambiente,Management plan is not implented and not available,State Verified,1856,EC-O,ECU,ECU,Not Applicable,Not Applicable
Polygon,900687,900687,1,Refugio de Vida Silvestre Isla Santa Clara,Refugio de Vida Silvestre Isla Santa Clara,"Ramsar Site, Wetland of International Importance","Ramsar Site, Wetland of International Importance",International,Not Reported,(v),1,0,10.1872085037293,0.46,11.4280132092328,Not Reported,0,Designated,2002,Not Reported,Not Reported,Ministerio del Ambiente,Management plan is not implented and not available,State Verified,1856,EC-O,ECU,ECU,Not Applicable,Not Applicable
Polygon,555637343,555637343,1,Complejo de Humedales Cuyabeno Lagartococha Yasuní,Complejo de Humedales Cuyabeno Lagartococha Yasuní,"Ramsar Site, Wetland of International Importance","Ramsar Site, Wetland of International Importance",International,II,(ii)(iii),0,0,0,7736.685,7753.87801046194,Not Applicable,0,Designated,2017,Not Reported,State,"Administración del Parque Nacional Yasuní, Dirección Provincial de Ambiente de Orellana, Ministerio del Ambiente Ecuador",No,State Verified,1856,Not Reported,ECU,ECU,Not Applicable,Not Applicable
Polygon,129915,129915,1,Mache Chindul,Mache Chindul,Reserva Ecológica,Ecological Reserve,National,Not Reported,Not Applicable,0,0,0,1199.934,1205.75637066478,Not Applicable,0,Designated,1996,Federal or national ministry or agency,State,Ministry of Environment,http://ide.ambiente.gob.ec/mapainteractivo/,State Verified,1866,"EC-E;EC-M",ECU,ECU,Not Applicable,Not Applicable
Polygon,81073,81073,1,Antisana,Antisana,Reserva Ecológica,Ecological Reserve,National,Not Reported,Not Applicable,0,0,0,1205.813,1208.93314082239,Not Applicable,0,Designated,1993,Federal or national ministry or agency,State,Ministry of Environment,http://ide.ambiente.gob.ec/mapainteractivo/,State Verified,1866,"EC-N;EC-P;EC-S;EC-T",ECU,ECU,Not Applicable,Not Applicable
Polygon,129914,129914,1,Los Ilinizas,Los Ilinizas,Reserva Ecológica,Ecological Reserve,National,Not Reported,Not Applicable,0,0,0,1342.332,1347.67849388511,Not Applicable,0,Designated,1996,Federal or national ministry or agency,State,Ministry of Environment,http://ide.ambiente.gob.ec/mapainteractivo/,State Verified,1866,"EC-P;EC-R;EC-SD;EC-X",ECU,ECU,Not Applicable,Not Applicable
Polygon,7912,7912,1,Podocarpus,Podocarpus,Parque Nacional,National Park,National,Not Reported,Not Applicable,0,0,0,1384.926,1390.45955068585,Not Applicable,0,Designated,1983,Federal or national ministry or agency,State,Ministry of Environment,http://ide.ambiente.gob.ec/mapainteractivo/,State Verified,1866,"EC-L;EC-Z",ECU,ECU,Not Applicable,Not Applicable
Polygon,81072,81072,1,Sumaco Napo-Galeras,Sumaco Napo-Galeras,Parque Nacional,National Park,National,Not Reported,Not Applicable,0,0,0,2061.617,2064.98111841381,Not Applicable,0,Designated,1994,Federal or national ministry or agency,State,Ministry of Environment,http://ide.ambiente.gob.ec/mapainteractivo/,State Verified,1866,"EC-D;EC-N",ECU,ECU,Not Applicable,Not Applicable
Polygon,97512,97512,1,Llanganates,Llanganates,Parque Nacional,National Park,National,Not Reported,Not Applicable,0,0,0,2199.186,2205.64717074945,Not Applicable,0,Designated,1996,Federal or national ministry or agency,State,Ministry of Environment,http://ide.ambiente.gob.ec/mapainteractivo/,State Verified,1866,"EC-N;EC-T;EC-X;EC-Y",ECU,ECU,Not Applicable,Not Applicable
Polygon,555698082,555698082,1,Cotacachi Cayapas,Cotacachi Cayapas,Parque Nacional,National Park,National,Not Reported,Not Applicable,0,0,0,2609.615,2619.04971913654,Not Applicable,0,Designated,2017,Federal or national ministry or agency,State,Ministry of Environment,http://ide.ambiente.gob.ec/mapainteractivo/,State Verified,1866,"EC-E;EC-I",ECU,ECU,Not Applicable,Not Applicable
Polygon,555636661,555636661,1,Cantagallo - Machalilla,Cantagallo - Machalilla,Reserva Marina,Marine Reserve,National,Not Reported,Not Applicable,2,1422.665,1429.27693023922,1422.665,1429.35537965809,Not Reported,0,Designated,2015,Federal or national ministry or agency,State,Ministry of Environment,http://ide.ambiente.gob.ec/mapainteractivo/,State Verified,1866,EC-M,ECU,ECU,Not Applicable,Not Applicable
Polygon,555636657,555636657,1,Samama Mumbes,Samama Mumbes,Refugio de Vida Silvestre,Wildlife Refuge,National,Not Reported,Not Applicable,0,0,0,21.456,21.5507180852295,Not Applicable,0,Designated,2016,Federal or national ministry or agency,State,Ministry of Environment,http://ide.ambiente.gob.ec/mapainteractivo/,State Verified,1866,EC-R,ECU,ECU,Not Applicable,Not Applicable
Polygon,555592958,555592958,1,Parque Lago,Parque Lago,Area Nacional De Recreo,National Recreation Area,National,Not Reported,Not Applicable,0,0,0,21.489,21.5970734467655,Not Applicable,0,Designated,2003,Federal or national ministry or agency,State,Ministry of Environment,http://ide.ambiente.gob.ec/mapainteractivo/,State Verified,1866,EC-G,ECU,ECU,Not Applicable,Not Applicable
Polygon,555592949,555592949,1,Isla Santay,Isla Santay,Area Nacional De Recreo,National Recreation Area,National,Not Reported,Not Applicable,0,0,1.93553343227141,22.148,22.2559920290316,Not Applicable,0,Designated,2010,Federal or national ministry or agency,State,Ministry of Environment,http://ide.ambiente.gob.ec/mapainteractivo/,State Verified,1866,EC-G,ECU,ECU,Not Applicable,Not Applicable
Polygon,555592946,555592946,1,Playas De Villamil,Playas de Villamil,Area Nacional De Recreo,National Recreation Area,National,Not Reported,Not Applicable,2,24.781,24.9055323970362,24.781,24.9055323970362,Not Reported,0,Designated,2011,Federal or national ministry or agency,State,Ministry of Environment,http://ide.ambiente.gob.ec/mapainteractivo/,State Verified,1866,EC-G,ECU,ECU,Not Applicable,Not Applicable
Polygon,555592953,555592953,1,Manglares Estuario del Río Esmeraldas,Manglares Estuario del Río Esmeraldas,Refugio de Vida Silvestre,Wildlife Refuge,National,Not Reported,Not Applicable,2,0,2.2314588852336,2.426,2.43726041506164,Not Reported,0,Designated,2008,Federal or national ministry or agency,State,Ministry of Environment,http://ide.ambiente.gob.ec/mapainteractivo/,State Verified,1866,EC-E,ECU,ECU,Not Applicable,Not Applicable
Polygon,7914,7914,1,El Boliche,El Boliche,Area Nacional De Recreo,National Recreation Area,National,Not Reported,Not Applicable,0,0,0,3.963,3.96654930710427,Not Applicable,0,Designated,1996,Federal or national ministry or agency,State,Ministry of Environment,http://ide.ambiente.gob.ec/mapainteractivo/,State Verified,1866,"EC-P;EC-X",ECU,ECU,Not Applicable,Not Applicable
Polygon,166798,166798,1,Pasochoa,Pasochoa,Refugio de Vida Silvestre,Wildlife Refuge,National,Not Reported,Not Applicable,0,0,0,6.194,6.2144983190676,Not Applicable,0,Designated,1996,Federal or national ministry or agency,State,Ministry of Environment,http://ide.ambiente.gob.ec/mapainteractivo/,State Verified,1866,EC-P,ECU,ECU,Not Applicable,Not Applicable
Polygon,555592959,555592959,1,La Chiquita,La Chiquita,Refugio de Vida Silvestre,Wildlife Refuge,National,Not Reported,Not Applicable,0,0,0,8.118,8.1488029715372,Not Applicable,0,Designated,2003,Federal or national ministry or agency,State,Ministry of Environment,http://ide.ambiente.gob.ec/mapainteractivo/,State Verified,1866,EC-E,ECU,ECU,Not Applicable,Not Applicable
Polygon,555592940,555592940,1,Los Samanes,Los Samanes,Area Nacional De Recreo,National Recreation Area,National,Not Reported,Not Applicable,0,0,0,8.517,8.55829733277156,Not Applicable,0,Designated,2012,Federal or national ministry or agency,State,Ministry of Environment,http://ide.ambiente.gob.ec/mapainteractivo/,State Verified,1866,EC-G,ECU,ECU,Not Applicable,Not Applicable
Polygon,555592941,555592941,1,Islas Corazón y Las Islas Fragatas,Islas Corazón y Las Islas Fragatas,Refugio de Vida Silvestre,Wildlife Refuge,National,Not Reported,Not Applicable,1,0,8.95146315980354,28.117,28.2619835443004,Not Reported,0,Designated,2012,Federal or national ministry or agency,State,Ministry of Environment,http://ide.ambiente.gob.ec/mapainteractivo/,State Verified,1866,EC-M,ECU,ECU,Not Applicable,Not Applicable
Polygon,555592948,555592948,1,El Pambilar,El Pambilar,Refugio de Vida Silvestre,Wildlife Refuge,National,Not Reported,Not Applicable,0,0,0,31.089,31.2216673937664,Not Applicable,0,Designated,2010,Federal or national ministry or agency,State,Ministry of Environment,http://ide.ambiente.gob.ec/mapainteractivo/,State Verified,1866,EC-E,ECU,ECU,Not Applicable,Not Applicable
Polygon,555592945,555592945,1,Quimsacocha,Quimsacocha,Area Nacional De Recreo,National Recreation Area,National,Not Reported,Not Applicable,0,0,0,32.172,32.3091133491163,Not Applicable,0,Designated,2012,Federal or national ministry or agency,State,Ministry of Environment,http://ide.ambiente.gob.ec/mapainteractivo/,State Verified,1866,EC-A,ECU,ECU,Not Applicable,Not Applicable
Polygon,168274,168274,1,Pululahua,Pululahua,Reserva Geobotánica,Geobotanical Reserve,National,Not Reported,Not Applicable,0,0,0,34.418,34.5336777381607,Not Applicable,0,Designated,1985,Federal or national ministry or agency,State,Ministry of Environment,http://ide.ambiente.gob.ec/mapainteractivo/,State Verified,1866,EC-P,ECU,ECU,Not Applicable,Not Applicable
Polygon,555592954,555592954,1,Manglares El Morro,Manglares El Morro,Refugio de Vida Silvestre,Wildlife Refuge,National,Not Reported,Not Applicable,1,0,101.808503393559,118.068,118.652578222893,Not Reported,0,Designated,2007,Federal or national ministry or agency,State,Ministry of Environment,http://ide.ambiente.gob.ec/mapainteractivo/,State Verified,1866,EC-G,ECU,ECU,Not Applicable,Not Applicable
Polygon,20003,20003,1,Limoncocha,Limoncocha,Reserva Biológica,Biological Reserve,National,Not Reported,Not Applicable,0,0,0,36.925,36.8995566305714,Not Applicable,0,Designated,1985,Federal or national ministry or agency,State,Ministry of Environment,http://ide.ambiente.gob.ec/mapainteractivo/,State Verified,1866,EC-U,ECU,ECU,Not Applicable,Not Applicable
Polygon,555592956,555592956,1,El Zarza,El Zarza,Refugio de Vida Silvestre,Wildlife Refuge,National,Not Reported,Not Applicable,0,0,0,36.963,37.087726195333,Not Applicable,0,Designated,2011,Federal or national ministry or agency,State,Ministry of Environment,http://ide.ambiente.gob.ec/mapainteractivo/,State Verified,1866,EC-Z,ECU,ECU,Not Applicable,Not Applicable
Polygon,555592957,555592957,1,El Cóndor,El Cóndor,Reserva Biológica,Biological Reserve,National,Not Reported,Not Applicable,0,0,0,79.042,79.2729517359419,Not Applicable,0,Designated,1999,Federal or national ministry or agency,State,Ministry of Environment,http://ide.ambiente.gob.ec/mapainteractivo/,State Verified,1866,EC-S,ECU,ECU,Not Applicable,Not Applicable
Polygon,555592955,555592955,1,El Quimi,El Quimi,Reserva Biológica,Biological Reserve,National,Not Reported,Not Applicable,0,0,0,90.267,90.5502933364665,Not Applicable,0,Designated,2006,Federal or national ministry or agency,State,Ministry of Environment,http://ide.ambiente.gob.ec/mapainteractivo/,State Verified,1866,EC-S,ECU,ECU,Not Applicable,Not Applicable
Polygon,555592944,555592944,1,El Pelado,El Pelado,Reserva Marina,Marine Reserve,National,Not Reported,Not Applicable,2,131.553,131.003687308549,131.553,132.213195641078,Not Reported,0,Designated,2012,Federal or national ministry or agency,State,Ministry of Environment,http://ide.ambiente.gob.ec/mapainteractivo/,State Verified,1866,EC-SE,ECU,ECU,Not Applicable,Not Applicable
Polygon,555592943,555592943,1,Arenillas,Arenillas,Reserva Ecológica,Ecological Reserve,National,Not Reported,Not Applicable,0,0,0.0767789876788363,131.7,132.360898522178,Not Applicable,0,Designated,2012,Federal or national ministry or agency,State,Ministry of Environment,http://ide.ambiente.gob.ec/mapainteractivo/,State Verified,1866,EC-O,ECU,ECU,Not Applicable,Not Applicable
Polygon,555592942,555592942,1,Manglares El Salado,Manglares el Salado,Reserva de Producción de Fauna,Fauna Production Reserve,National,Not Reported,Not Applicable,0,0,11.3329693607557,155.356,156.121229380127,Not Applicable,0,Designated,2017,Federal or national ministry or agency,State,Ministry of Environment,http://ide.ambiente.gob.ec/mapainteractivo/,State Verified,1866,EC-G,ECU,ECU,Not Applicable,Not Applicable
Polygon,67623,67623,1,El Ángel,El Ángel,Reserva Ecológica,Ecological Reserve,National,Not Reported,Not Applicable,0,0,0,159.745,160.130691448192,Not Applicable,0,Designated,1992,Federal or national ministry or agency,State,Ministry of Environment,http://ide.ambiente.gob.ec/mapainteractivo/,State Verified,1866,EC-C,ECU,ECU,Not Applicable,Not Applicable
Polygon,555592963,555592963,1,Siete Iglesias,Siete Iglesias,Area Ecologica de Conservacion,Ecological Area of Conservation,National,Not Reported,Not Applicable,0,0,0,160.291,160.848381170824,Not Applicable,0,Designated,2012,Federal or national ministry or agency,State,Municipal Ecological Conservation Area,http://ide.ambiente.gob.ec/mapainteractivo/,State Verified,1866,EC-S,ECU,ECU,Not Applicable,Not Applicable
Polygon,7913,7913,1,Cajas,Cajas,Parque Nacional,National Park,National,Not Reported,Not Applicable,0,0,0,293.894,295.160331520401,Not Applicable,0,Designated,2003,Federal or national ministry or agency,State,Ministry of Environment,http://ide.ambiente.gob.ec/mapainteractivo/,State Verified,1866,EC-A,ECU,ECU,Not Applicable,Not Applicable
Polygon,555636660,555636660,1,Rio Negro Sopladora,Rio Negro Sopladora,Parque Nacional,National Park,National,Not Reported,Not Applicable,0,0,0,306.1628,307.194777116772,Not Applicable,0,Designated,2018,Federal or national ministry or agency,State,Ministry of Environment,http://ide.ambiente.gob.ec/mapainteractivo/,State Verified,1866,"EC-A;EC-S",ECU,ECU,Not Applicable,Not Applicable
Polygon,32717,32717,1,Chimborazo,Chimborazo,Reserva de Producción de Fauna,Fauna Production Reserve,National,Not Reported,Not Applicable,0,0,0,526.833,528.861155932056,Not Applicable,0,Designated,2010,Federal or national ministry or agency,State,Ministry of Environment,http://ide.ambiente.gob.ec/mapainteractivo/,State Verified,1866,"EC-B;EC-H;EC-T",ECU,ECU,Not Applicable,Not Applicable
Polygon,555636659,555636659,1,La Bonita,La Bonita,Area Ecologica de Conservacion,Ecological Area of Conservation,National,Not Reported,Not Applicable,0,0,0,531.3726,532.370759751703,Not Applicable,0,Designated,2017,Federal or national ministry or agency,State,Municipal Ecological Conservation Area,http://ide.ambiente.gob.ec/mapainteractivo/,State Verified,1866,EC-U,ECU,ECU,Not Applicable,Not Applicable
Polygon,555592952,555592952,1,Pacoche,Pacoche,Refugio de Vida Silvestre,Wildlife Refuge,National,Not Reported,Not Applicable,1,315.179,265.962909148767,315.179,316.754825145023,Not Reported,0,Designated,2014,Federal or national ministry or agency,State,Ministry of Environment,http://ide.ambiente.gob.ec/mapainteractivo/,State Verified,1866,EC-M,ECU,ECU,Not Applicable,Not Applicable
Polygon,190,190,1,Cotopaxi,Cotopaxi,Parque Nacional,National Park,National,Not Reported,Not Applicable,0,0,0,322.717,323.800951645032,Not Applicable,0,Designated,1996,Federal or national ministry or agency,State,Ministry of Environment,http://ide.ambiente.gob.ec/mapainteractivo/,State Verified,1866,"EC-N;EC-P;EC-X",ECU,ECU,Not Applicable,Not Applicable
Polygon,555592960,555592960,1,Isla Santa Clara,Isla Santa Clara,Refugio de Vida Silvestre,Wildlife Refuge,National,Not Reported,Not Applicable,2,376.475,377.168277756485,376.475,378.415054212318,Not Reported,0,Designated,2016,Federal or national ministry or agency,State,Ministry of Environment,http://ide.ambiente.gob.ec/mapainteractivo/,State Verified,1866,EC-O,ECU,ECU,Not Applicable,Not Applicable
Polygon,555636658,555636658,1,Bajo Cope,Bajo Cope,Reserva Marina,Marine Reserve,National,Not Reported,Not Applicable,2,399.525,401.632305643111,399.525,401.632305643111,Not Reported,0,Designated,2016,Federal or national ministry or agency,State,Ministry of Environment,http://ide.ambiente.gob.ec/mapainteractivo/,State Verified,1866,EC-SE,ECU,ECU,Not Applicable,Not Applicable
Polygon,555592950,555592950,1,Yacuri,Yacuri,Parque Nacional,National Park,National,Not Reported,Not Applicable,0,0,0,430.906,432.77323937935,Not Applicable,0,Designated,2010,Federal or national ministry or agency,State,Ministry of Environment,http://ide.ambiente.gob.ec/mapainteractivo/,State Verified,1866,"EC-L;EC-Z",ECU,ECU,Not Applicable,Not Applicable
Polygon,2238,2238,1,Manglares Churute,Manglares Churute,Reserva Ecológica,Ecological Reserve,National,Not Reported,Not Applicable,1,0,70.9725113219587,500.701,503.098564879642,Not Reported,0,Designated,2001,Federal or national ministry or agency,State,Ministry of Environment,http://ide.ambiente.gob.ec/mapainteractivo/,State Verified,1866,EC-G,ECU,ECU,Not Applicable,Not Applicable
Polygon,365046,365046,1,Puntilla De Santa Elena,Puntilla de Santa Elena,Reserva de Producción de Fauna,Fauna Production Reserve,National,Not Reported,Not Applicable,2,524.352,524.59945715717,524.352,526.897643900515,Not Reported,0,Designated,2008,Federal or national ministry or agency,State,Ministry of Environment,http://ide.ambiente.gob.ec/mapainteractivo/,State Verified,1866,EC-G,ECU,ECU,Not Applicable,Not Applicable
Polygon,555592951,555592951,1,Galera San Francisco,Galera San Francisco,Reserva Marina,Marine Reserve,National,Not Reported,Not Applicable,2,546.886,537.564071750157,546.886,549.482390883638,Not Reported,0,Designated,2009,Federal or national ministry or agency,State,Ministry of Environment,http://ide.ambiente.gob.ec/mapainteractivo/,State Verified,1866,EC-E,ECU,ECU,Not Applicable,Not Applicable
Polygon,555592962,555592962,1,Cofán Bermejo,Cofán Bermejo,Reserva Ecológica,Ecological Reserve,National,Not Reported,Not Applicable,0,0,0,550.262,550.876171028062,Not Applicable,0,Designated,1987,Federal or national ministry or agency,State,Ministry of Environment,http://ide.ambiente.gob.ec/mapainteractivo/,State Verified,1866,EC-U,ECU,ECU,Not Applicable,Not Applicable
Polygon,97513,97513,1,Manglares Cayapas Mataje,Manglares Cayapas Mataje,Reserva Ecológica,Ecological Reserve,National,Not Reported,Not Applicable,1,0,194.049612802673,564.201,566.422277580646,Not Reported,0,Designated,2004,Federal or national ministry or agency,State,Ministry of Environment,http://ide.ambiente.gob.ec/mapainteractivo/,State Verified,1866,EC-E,ECU,ECU,Not Applicable,Not Applicable
Polygon,189,189,1,Machalilla,Machalilla,Parque Nacional,National Park,National,Not Reported,Not Applicable,1,584.9989,176.044847486258,584.9989,588.077877692833,Not Reported,0,Designated,1994,Federal or national ministry or agency,State,Ministry of Environment,http://ide.ambiente.gob.ec/mapainteractivo/,State Verified,1866,EC-M,ECU,ECU,Not Applicable,Not Applicable
Polygon,555592961,555592961,1,Manglares Estuario del Río Muisne,Manglares Estuario del Río Muisne,Reserva de Producción de Fauna,Fauna Production Reserve,National,Not Reported,Not Applicable,1,0,793.767883846301,922.463,926.804161408119,Not Reported,0,Designated,2017,Federal or national ministry or agency,State,Ministry of Environment,http://ide.ambiente.gob.ec/mapainteractivo/,State Verified,1866,"EC-E;EC-M",ECU,ECU,Not Applicable,Not Applicable
Polygon,555593903,555593903,1,Colonso Chalupas,Colonso Chalupas,Reserva Biológica,Biological Reserve,National,Not Reported,Not Applicable,0,0,0,931.633,934.058788979402,Not Applicable,0,Designated,2014,Federal or national ministry or agency,State,Ministry of Environment,http://ide.ambiente.gob.ec/mapainteractivo/,State Verified,1866,EC-N,ECU,ECU,Not Applicable,Not Applicable
Polygon,555637320,555637320,1,Tambillo,Tambillo,Area Protegida Comunitaria,Community Protected Area,National,Not Reported,Not Applicable,0,0,0,19.5465,19.6218979997658,Not Applicable,0,Designated,2018,Federal or national ministry or agency,State,Community Protected Area,http://ide.ambiente.gob.ec/mapainteractivo/,State Verified,1866,EC-S,ECU,ECU,Not Applicable,Not Applicable
Polygon,183,183,1,Cayambe Coca,Cayambe Coca,Parque Nacional,National Park,National,Not Reported,Not Applicable,0,0,0,4082.846,4091.78035781769,Not Applicable,0,Designated,2010,Federal or national ministry or agency,State,Ministry of Environment,http://ide.ambiente.gob.ec/mapainteractivo/,State Verified,1866,"EC-I;EC-N;EC-P;EC-U",ECU,ECU,Not Applicable,Not Applicable
Polygon,188,188,1,Sangay,Sangay,Parque Nacional,National Park,National,Not Reported,Not Applicable,0,0,0,4866.125,4881.69825644373,Not Applicable,0,Designated,2004,Federal or national ministry or agency,State,Ministry of Environment,http://ide.ambiente.gob.ec/mapainteractivo/,State Verified,1866,"EC-F;EC-H;EC-S",ECU,ECU,Not Applicable,Not Applicable
Polygon,2499,2499,1,Cuyabeno,Cuyabeno,Reserva de Producción de Fauna,Fauna Production Reserve,National,Not Reported,Not Applicable,0,0,0,5949.505,5931.00227470437,Not Applicable,0,Designated,1999,Federal or national ministry or agency,State,Ministry of Environment,http://ide.ambiente.gob.ec/mapainteractivo/,State Verified,1866,EC-U,ECU,ECU,Not Applicable,Not Applicable
Polygon,187,187,1,Galápagos,Galápagos,Parque Nacional,National Park,National,Not Reported,Not Applicable,0,0,92.3437149985002,7890.882,7694.66415290042,Not Applicable,0,Designated,1996,Federal or national ministry or agency,State,Ministry of Environment,http://ide.ambiente.gob.ec/mapainteractivo/,State Verified,1866,EC-W,ECU,ECU,Not Applicable,Not Applicable
Polygon,186,186,1,Yasuní,Yasuní,Parque Nacional,National Park,National,Not Reported,Not Applicable,0,0,0,10300.702,10279.0103113347,Not Applicable,0,Designated,1992,Federal or national ministry or agency,State,Ministry of Environment,http://ide.ambiente.gob.ec/mapainteractivo/,State Verified,1866,"EC-D;EC-Y",ECU,ECU,Not Applicable,Not Applicable
Polygon,11753,11753,1,Galápagos,Galápagos,Reserva Marina,Marine Reserve,National,Not Reported,Not Applicable,2,126972.09,123620.785737986,126972.09,123846.531007925,Not Reported,0,Designated,1998,Federal or national ministry or agency,State,Ministry of Environment,http://ide.ambiente.gob.ec/mapainteractivo/,State Verified,1866,EC-W,ECU,ECU,Not Applicable,Not Applicable
Polygon,555681820,555681820,1,Marcos Perez de Castilla,Marcos Perez de Castilla,Area Protegida Comunitaria,Community Protected Area,National,Not Reported,Not Applicable,0,0,0,86.047,86.4023086077969,Not Applicable,0,Designated,2019,Federal or national ministry or agency,State,Community Protected Area,http://ide.ambiente.gob.ec/mapainteractivo/,State Verified,1866,EC-A,ECU,ECU,Not Applicable,Not Applicable
Polygon,555681821,555681821,1,Cordillera Oriental de Carchi,Cordillera Oriental de Carchi,Area Ecologica de Conservacion,Ecological Area of Conservation,National,Not Reported,Not Applicable,0,0,0,204.398,204.818069245419,Not Applicable,0,Designated,2019,Federal or national ministry or agency,State,Provincial Ecological Conservation Area,http://ide.ambiente.gob.ec/mapainteractivo/,State Verified,1866,EC-C,ECU,ECU,Not Applicable,Not Applicable
Polygon,555681822,555681822,1,Bellavista,Bellavista,Área Protegida Privada,Private Protected Area,National,Not Reported,Not Applicable,0,0,0,3.477,3.48961117305051,Not Applicable,0,Designated,2019,Federal or national ministry or agency,State,PrivateProtected Area,http://ide.ambiente.gob.ec/mapainteractivo/,State Verified,1866,EC-P,ECU,ECU,Not Applicable,Not Applicable
Polygon,555592947,555592947,1,Cerro Plateado,Cerro Plateado,Reserva Biológica,Biological Reserve,National,Not Reported,Not Applicable,0,0,0,307.6067125,308.742998596049,Not Applicable,0,Designated,2010,Federal or national ministry or agency,State,Ministry of Environment,http://ide.ambiente.gob.ec/mapainteractivo/,State Verified,1866,EC-Z,ECU,ECU,Not Applicable,Not Applicable
Polygon,555697588,555697588,1,Pueblo Originario Kichwa de Sarayaku,Pueblo Originario Kichwa de Sarayaku,Kawsak Sacha – Selva Viviente,Living Forest of Sarayaku,National,Not Assigned,Not Applicable,0,0,0,1427.51404306,1426.26025358,Not Applicable,0,Established,0,Indigenous peoples,Communal,"People's Assembly, Government Council (leaders and Kurakas (traditional authorities), technical support team, Kaskiruna team (guardians of the living jungle).",Not reported,Expert Verified,1977,Not Reported,ECU,ECU,Not Applicable,Not Applicable
Point,220040,220040,1,Abras de Mantequilla,Abras de Mantequilla,"Ramsar Site, Wetland of International Importance","Ramsar Site, Wetland of International Importance",International,Not Reported,(i)(ii)(iii)(iv)(vi)(vii)(viii),0,0,,225,,Not Applicable,0,Designated,2000,Not Reported,Not Reported,Not Reported,Management plan is not implented and not available,State Verified,1856,EC-R,ECU,ECU,Not Applicable,Not Applicable
Point,900581,900581,1,La Segua,La Segua,"Ramsar Site, Wetland of International Importance","Ramsar Site, Wetland of International Importance",International,Not Reported,(i)(iv)(v)(vii)(viii),0,0,,18.36,,Not Applicable,0,Designated,2000,Not Reported,Not Reported,Not Reported,Management plan is implented and available,State Verified,1856,EC-M,ECU,ECU,Not Applicable,Not Applicable
Point,220063,220063,1,Isla Santay,Isla Santay,"Ramsar Site, Wetland of International Importance","Ramsar Site, Wetland of International Importance",International,Not Reported,(ii)(iii)(iv)(vii)(viii),0,0,,47.05,,Not Applicable,0,Designated,2000,Not Reported,Not Reported,Not Reported,Management plan is not implented and not available,State Verified,1856,EC-G,ECU,ECU,Not Applicable,Not Applicable
Point,900688,900688,1,Laguna de Cube,Laguna de Cube,"Ramsar Site, Wetland of International Importance","Ramsar Site, Wetland of International Importance",International,Not Reported,(i)(iii),0,0,,1.13,,Not Applicable,0,Designated,2002,Not Reported,Not Reported,Not Reported,Management plan is available but not implented,State Verified,1856,EC-E,ECU,ECU,Not Applicable,Not Applicable
Point,900785,900785,1,Humedales del Sur de Isabela,Humedales del Sur de Isabela,"Ramsar Site, Wetland of International Importance","Ramsar Site, Wetland of International Importance",International,Not Reported,(i)(ii)(iii)(iv)(vi)(vii)(viii),0,0,,8.72,,Not Applicable,0,Designated,2002,Federal or national ministry or agency,Not Reported,Galapagos National Park Service,Management plan is not implemented and not available,State Verified,1856,EC-W,ECU,ECU,Not Applicable,Not Applicable
Point,900907,900907,1,Reserva Ecológica de Manglares Cayapas-Mataje,Reserva Ecológica de Manglares Cayapas-Mataje,"Ramsar Site, Wetland of International Importance","Ramsar Site, Wetland of International Importance",International,Not Reported,(i)(ii)(iii)(iv)(viii),2,0,,448.47,,Not Reported,0,Designated,2003,Not Reported,Not Reported,Not Reported,Management plan is not implented and not available,State Verified,1856,EC-E,ECU,ECU,Not Applicable,Not Applicable
Point,902871,902871,1,Complejo de Humedales Ñucanchi Turupamba,Complejo de Humedales Ñucanchi Turupamba,"Ramsar Site, Wetland of International Importance","Ramsar Site, Wetland of International Importance",International,Not Reported,(i)(ii)(iv),0,0,,122.9,,Not Applicable,0,Designated,2006,Not Reported,Not Reported,Not Reported,Management plan is implemented and is available,State Verified,1856,EC-N,ECU,ECU,Not Applicable,Not Applicable
Point,109021,109021,1,Complejo LLanganti,Complejo LLanganti,"Ramsar Site, Wetland of International Importance","Ramsar Site, Wetland of International Importance",International,Not Reported,(i)(ii)(iii),0,0,,303.55,,Not Applicable,0,Designated,2008,Not Reported,Not Reported,Not Reported,Management plan is implemented and is available,State Verified,1856,EC-T,ECU,ECU,Not Applicable,Not Applicable
Point,555558398,555558398,1,Reserva Ecológica El Ángel,Reserva Ecológica El Ángel,"Ramsar Site, Wetland of International Importance","Ramsar Site, Wetland of International Importance",International,Not Reported,(i)(ii)(iii)(iv),0,0,,170.03,,Not Applicable,0,Designated,2012,Not Reported,Not Reported,Not Reported,Management plan is implented and available,State Verified,1856,Not Reported,ECU,ECU,Not Applicable,Not Applicable
Point,555558399,555558399,1,Sistema Lacustre Lagunas del Compadre,Sistema Lacustre Lagunas del Compadre,"Ramsar Site, Wetland of International Importance","Ramsar Site, Wetland of International Importance",International,Not Reported,(i)(ii)(iii)(iv),0,0,,239.52,,Not Applicable,0,Designated,2012,Not Reported,Not Reported,Not Reported,Management plan is not implemented and not available,State Verified,1856,Not Reported,ECU,ECU,Not Applicable,Not Applicable
Point,555558397,555558397,1,Sistema Lacustre Yacuri,Sistema Lacustre Yacuri,"Ramsar Site, Wetland of International Importance","Ramsar Site, Wetland of International Importance",International,Not Reported,(i)(ii)(iii)(iv),0,0,,277.62,,Not Applicable,0,Designated,2012,Not Reported,Not Reported,Not Reported,Management plan is implemented and is available,State Verified,1856,Not Reported,ECU,ECU,Not Applicable,Not Applicable
Point,555558396,555558396,1,Manglares del Estuario Interior del Golfo de Guayaquil,Manglares del Estuario Interior del Golfo de Guayaquil ,"Ramsar Site, Wetland of International Importance","Ramsar Site, Wetland of International Importance",International,Not Reported,(i)(ii)(iii)(iv)(vii)(viii),2,0,,153.37,,Not Reported,0,Designated,2012,Not Reported,Not Reported,Not Reported,Management plan is implemented and is available,State Verified,1856,Not Reported,ECU,ECU,Not Applicable,Not Applicable
